id,formdate
1,03/02/2022
2,02/15/2022
3,06/10/2022
4,07/08/2022
5,11/14/2021
6,01/06/2023
7,12/12/2022
8,07/20/2022
9,12/18/2022
10,01/08/2022
11,12/30/2021
12,11/10/2021
13,07/18/2022
14,10/14/2022
15,03/13/2022
16,12/18/2022
17,10/16/2022
18,04/14/2022
19,02/26/2022
20,01/01/2022
21,11/02/2022
22,11/01/2022
23,03/17/2022
24,08/17/2022
25,01/23/2022
26,02/07/2023
27,03/10/2022
28,05/18/2022
29,11/11/2021
30,10/20/2022
31,12/10/2022
32,07/02/2022
33,04/10/2022
34,04/17/2022
35,02/16/2022
36,09/24/2022
37,04/29/2022
38,01/05/2023
39,06/10/2022
40,07/28/2022
41,02/17/2023
42,02/25/2022
43,08/29/2022
44,09/21/2022
45,10/12/2022
46,08/15/2022
47,04/02/2022
48,12/03/2021
49,08/17/2022
50,03/16/2022
51,01/22/2023
52,11/11/2021
53,06/21/2022
54,12/25/2021
55,04/16/2022
56,02/17/2022
57,02/23/2023
58,05/09/2022
59,12/08/2022
60,04/24/2022
61,05/23/2022
62,05/23/2022
63,12/28/2021
64,02/19/2022
65,07/31/2022
66,03/08/2023
67,05/10/2022
68,12/16/2022
69,10/25/2022
70,02/13/2023
71,12/07/2021
72,04/03/2022
73,11/28/2021
74,08/28/2022
75,01/18/2023
76,04/10/2022
77,09/28/2022
78,02/12/2023
79,06/29/2022
80,12/15/2021
81,06/07/2022
82,05/18/2022
83,12/14/2022
84,08/24/2022
85,11/23/2021
86,07/29/2022
87,01/26/2022
88,05/26/2022
89,04/27/2022
90,01/10/2023
91,01/10/2023
92,05/26/2022
93,09/02/2022
94,10/17/2022
95,11/14/2022
96,09/23/2022
97,12/17/2021
98,01/05/2023
99,10/11/2022
100,07/05/2022
101,07/04/2022
102,10/30/2022
103,04/23/2022
104,12/29/2021
105,01/02/2023
106,09/21/2022
107,03/04/2023
108,02/20/2022
109,08/30/2022
110,11/18/2021
111,01/23/2022
112,02/25/2022
113,02/28/2023
114,12/05/2021
115,03/26/2022
116,05/30/2022
117,10/13/2022
118,02/02/2023
119,02/23/2023
120,12/07/2022
121,12/01/2022
122,02/11/2022
123,10/31/2022
124,01/20/2023
125,06/15/2022
126,12/09/2021
127,12/19/2022
128,07/07/2022
129,08/14/2022
130,11/14/2022
131,07/16/2022
132,04/08/2022
133,03/16/2023
134,01/10/2023
135,04/02/2022
136,02/26/2023
137,04/27/2022
138,02/26/2022
139,04/05/2022
140,08/26/2022
141,04/08/2022
142,05/19/2022
143,01/26/2023
144,12/15/2022
145,07/26/2022
146,02/04/2023
147,07/18/2022
148,09/07/2022
149,01/25/2022
150,12/05/2022
151,01/22/2022
152,03/28/2023
153,04/03/2023
154,07/08/2022
155,01/02/2023
156,11/26/2021
157,01/31/2022
158,05/27/2022
159,02/09/2022
160,09/12/2022
161,10/31/2022
162,02/04/2023
163,03/18/2022
164,09/27/2022
165,02/20/2023
166,01/07/2022
167,08/18/2022
168,02/25/2023
169,05/21/2022
170,12/10/2022
171,03/07/2022
172,07/22/2022
173,03/04/2023
174,02/11/2022
175,10/20/2022
176,02/26/2023
177,02/16/2022
178,01/03/2022
179,11/29/2021
180,03/12/2023
181,07/31/2022
182,12/25/2022
183,03/24/2022
184,05/14/2022
185,04/05/2022
186,02/28/2022
187,02/08/2022
188,03/29/2022
189,01/06/2023
190,01/24/2022
191,05/15/2022
192,12/29/2022
193,10/20/2022
194,01/30/2022
195,02/21/2023
196,08/22/2022
197,05/29/2022
198,02/12/2023
199,11/17/2021
200,05/03/2022
201,01/08/2023
202,06/13/2022
203,06/20/2022
204,03/25/2023
205,09/08/2022
206,05/04/2022
207,06/09/2022
208,10/29/2022
209,01/16/2023
210,03/10/2022
211,12/01/2022
212,03/13/2022
213,03/04/2023
214,11/28/2021
215,07/09/2022
216,09/15/2022
217,09/14/2022
218,05/16/2022
219,01/19/2022
220,12/24/2021
221,12/06/2021
222,05/05/2022
223,12/17/2021
224,07/16/2022
225,01/08/2023
226,11/26/2021
227,07/26/2022
228,09/18/2022
229,02/06/2023
230,09/02/2022
231,02/01/2022
232,12/30/2022
233,01/02/2022
234,01/29/2022
235,06/28/2022
236,03/12/2023
237,03/31/2023
238,03/19/2023
239,10/14/2022
240,03/15/2022
241,02/12/2023
242,01/03/2022
243,03/22/2023
244,07/06/2022
245,04/30/2022
246,07/26/2022
247,03/15/2022
248,06/20/2022
249,12/25/2022
250,03/07/2022
251,07/06/2022
252,02/16/2022
253,06/25/2022
254,12/08/2021
255,03/16/2023
256,03/15/2022
257,05/04/2022
258,04/23/2022
259,10/16/2022
260,10/25/2022
261,11/20/2022
262,12/18/2021
263,06/14/2022
264,08/01/2022
265,06/23/2022
266,01/27/2022
267,01/05/2023
268,03/05/2023
269,07/11/2022
270,03/09/2023
271,03/07/2022
272,04/22/2022
273,04/11/2022
274,08/16/2022
275,01/06/2023
276,12/11/2021
277,03/15/2023
278,02/02/2022
279,06/24/2022
280,01/17/2022
281,09/11/2022
282,06/05/2022
283,01/27/2023
284,12/24/2021
285,10/13/2022
286,06/01/2022
287,08/11/2022
288,12/28/2022
289,05/23/2022
290,08/12/2022
291,05/31/2022
292,08/28/2022
293,12/07/2021
294,05/25/2022
295,09/25/2022
296,06/05/2022
297,10/09/2022
298,01/17/2023
299,02/08/2023
300,07/15/2022
301,11/26/2022
302,03/16/2023
303,06/06/2022
304,01/01/2022
305,03/16/2023
306,01/27/2022
307,08/11/2022
308,07/18/2022
309,11/18/2022
310,02/10/2023
311,07/18/2022
312,04/10/2022
313,08/21/2022
314,11/20/2022
315,12/26/2022
316,11/26/2022
317,01/10/2023
318,06/25/2022
319,02/21/2023
320,01/08/2023
321,06/29/2022
322,02/18/2023
323,06/06/2022
324,05/29/2022
325,02/12/2023
326,11/26/2022
327,01/15/2023
328,10/15/2022
329,12/24/2021
330,03/28/2022
331,07/22/2022
332,08/06/2022
333,01/21/2022
334,12/31/2022
335,11/08/2022
336,10/10/2022
337,12/08/2021
338,05/30/2022
339,09/24/2022
340,03/14/2023
341,10/05/2022
342,12/14/2022
343,02/22/2023
344,10/18/2022
345,02/24/2023
346,08/30/2022
347,12/19/2022
348,03/28/2023
349,12/20/2021
350,10/18/2022
351,01/19/2022
352,02/21/2022
353,02/23/2023
354,05/10/2022
355,12/11/2021
356,09/01/2022
357,12/09/2021
358,05/23/2022
359,01/22/2022
360,12/01/2021
361,01/22/2023
362,06/21/2022
363,03/16/2023
364,11/16/2022
365,09/08/2022
366,03/28/2022
367,01/13/2023
368,01/21/2023
369,04/25/2022
370,07/11/2022
371,02/07/2023
372,08/02/2022
373,03/26/2023
374,01/12/2022
375,01/18/2022
376,01/30/2023
377,11/18/2021
378,03/12/2022
379,11/10/2022
380,03/05/2022
381,11/10/2022
382,05/07/2022
383,11/04/2022
384,08/17/2022
385,06/15/2022
386,04/26/2022
387,04/19/2022
388,04/19/2022
389,02/27/2023
390,08/11/2022
391,03/15/2022
392,03/02/2023
393,12/06/2021
394,01/29/2023
395,09/21/2022
396,08/28/2022
397,12/10/2021
398,07/03/2022
399,03/08/2022
400,02/05/2023
401,03/08/2023
402,02/08/2022
403,08/30/2022
404,11/02/2022
405,02/03/2023
406,06/19/2022
407,03/08/2022
408,09/01/2022
409,11/25/2022
410,01/01/2022
411,03/01/2022
412,02/11/2023
413,04/23/2022
414,01/31/2022
415,09/02/2022
416,12/21/2021
417,01/07/2022
418,12/29/2022
419,10/23/2022
420,07/20/2022
421,04/05/2022
422,07/07/2022
423,06/01/2022
424,05/24/2022
425,05/28/2022
426,04/19/2022
427,02/13/2022
428,10/02/2022
429,01/21/2023
430,03/24/2023
431,01/01/2023
432,08/10/2022
433,07/03/2022
434,04/30/2022
435,05/22/2022
436,06/17/2022
437,09/04/2022
438,02/10/2022
439,02/27/2023
440,03/13/2023
441,08/25/2022
442,09/21/2022
443,01/13/2023
444,01/16/2022
445,03/10/2022
446,02/26/2022
447,08/09/2022
448,03/08/2023
449,12/27/2022
450,03/17/2022
451,02/14/2022
452,12/19/2021
453,04/02/2022
454,01/31/2022
455,12/24/2021
456,10/09/2022
457,06/02/2022
458,03/23/2022
459,11/26/2021
460,08/29/2022
461,10/20/2022
462,01/13/2023
463,04/21/2022
464,11/11/2022
465,01/13/2022
466,03/20/2023
467,07/10/2022
468,07/05/2022
469,06/20/2022
470,11/21/2021
471,08/29/2022
472,02/04/2022
473,02/01/2022
474,06/10/2022
475,02/16/2022
476,05/15/2022
477,09/15/2022
478,06/02/2022
479,12/05/2021
480,08/19/2022
481,02/17/2022
482,03/28/2022
483,09/19/2022
484,01/14/2022
485,02/18/2023
486,01/11/2022
487,08/27/2022
488,09/03/2022
489,03/21/2022
490,03/30/2023
491,05/08/2022
492,07/08/2022
493,10/02/2022
494,08/24/2022
495,06/20/2022
496,08/06/2022
497,07/09/2022
498,03/30/2023
499,11/29/2021
500,02/10/2022
501,03/31/2022
502,10/03/2022
503,11/23/2021
504,02/22/2023
505,06/22/2022
506,12/27/2021
507,11/06/2022
508,06/04/2022
509,03/03/2022
510,02/11/2023
511,09/08/2022
512,12/29/2021
513,02/07/2023
514,08/11/2022
515,07/04/2022
516,05/06/2022
517,12/09/2022
518,08/02/2022
519,02/09/2022
520,02/03/2023
521,02/22/2023
522,04/20/2022
523,01/05/2022
524,04/21/2022
525,08/15/2022
526,08/21/2022
527,01/17/2022
528,09/14/2022
529,10/13/2022
530,09/08/2022
531,12/08/2021
532,01/20/2023
533,11/07/2022
534,09/01/2022
535,01/29/2023
536,02/03/2022
537,09/25/2022
538,04/11/2022
539,02/12/2022
540,01/02/2022
541,05/18/2022
542,07/05/2022
543,09/07/2022
544,01/17/2022
545,03/02/2022
546,03/05/2023
547,05/25/2022
548,02/26/2022
549,03/20/2022
550,08/11/2022
551,11/02/2022
552,05/03/2022
553,04/09/2022
554,08/03/2022
555,11/20/2021
556,09/11/2022
557,12/10/2021
558,05/11/2022
559,10/25/2022
560,05/25/2022
561,06/02/2022
562,01/21/2022
563,03/20/2022
564,05/01/2022
565,07/07/2022
566,02/25/2022
567,10/11/2022
568,03/28/2023
569,01/13/2023
570,12/13/2021
571,01/18/2022
572,07/26/2022
573,03/21/2022
574,07/01/2022
575,12/21/2022
576,03/13/2023
577,07/17/2022
578,03/20/2022
579,03/07/2022
580,10/02/2022
581,09/05/2022
582,06/20/2022
583,05/01/2022
584,05/06/2022
585,07/22/2022
586,06/01/2022
587,01/19/2022
588,01/04/2023
589,02/05/2023
590,05/08/2022
591,02/13/2023
592,08/26/2022
593,12/06/2022
594,02/09/2022
595,02/04/2023
596,10/29/2022
597,12/29/2022
598,01/15/2023
599,02/28/2022
600,12/21/2022
601,11/14/2022
602,02/01/2022
603,06/05/2022
604,05/08/2022
605,02/24/2023
606,01/13/2023
607,10/06/2022
608,11/10/2022
609,04/02/2023
610,03/04/2023
611,12/13/2021
612,09/19/2022
613,12/24/2021
614,02/23/2023
615,03/05/2023
616,02/27/2023
617,10/23/2022
618,02/18/2022
619,05/02/2022
620,07/23/2022
621,12/15/2022
622,09/30/2022
623,12/31/2021
624,03/12/2023
625,01/22/2023
626,03/12/2023
627,10/11/2022
628,10/28/2022
629,01/13/2022
630,12/30/2021
631,01/22/2022
632,01/19/2022
633,10/31/2022
634,11/09/2022
635,11/12/2021
636,04/07/2022
637,03/20/2023
638,01/07/2023
639,03/22/2022
640,07/05/2022
641,12/19/2021
642,11/05/2022
643,04/09/2022
644,11/27/2021
645,11/11/2022
646,05/12/2022
647,01/01/2023
648,02/02/2022
649,11/22/2022
650,12/30/2021
651,10/19/2022
652,02/02/2022
653,12/07/2022
654,01/04/2022
655,12/21/2022
656,08/01/2022
657,03/07/2022
658,04/11/2022
659,12/21/2021
660,09/09/2022
661,12/10/2021
662,07/20/2022
663,07/03/2022
664,11/29/2022
665,03/29/2022
666,10/21/2022
667,06/12/2022
668,10/25/2022
669,08/22/2022
670,11/02/2022
671,10/19/2022
672,10/11/2022
673,03/31/2022
674,12/16/2021
675,07/11/2022
676,10/21/2022
677,01/10/2022
678,08/08/2022
679,02/21/2023
680,10/05/2022
681,02/17/2022
682,01/12/2023
683,12/16/2022
684,02/16/2022
685,08/30/2022
686,01/16/2023
687,05/15/2022
688,01/08/2022
689,03/12/2022
690,12/31/2022
691,03/02/2022
692,02/11/2023
693,03/29/2022
694,07/06/2022
695,04/27/2022
696,03/20/2023
697,04/11/2022
698,07/09/2022
699,02/16/2022
700,02/01/2023
701,11/25/2022
702,08/31/2022
703,02/16/2023
704,12/31/2022
705,09/11/2022
706,05/07/2022
707,11/29/2022
708,08/17/2022
709,11/04/2022
710,11/30/2022
711,01/16/2023
712,01/15/2023
713,12/22/2021
714,06/20/2022
715,07/08/2022
716,12/11/2022
717,11/09/2022
718,01/18/2022
719,10/24/2022
720,07/10/2022
721,04/02/2022
722,05/26/2022
723,12/12/2021
724,04/02/2022
725,04/21/2022
726,01/22/2023
727,06/23/2022
728,01/24/2022
729,06/24/2022
730,01/05/2022
731,03/14/2022
732,12/11/2021
733,11/17/2021
734,11/17/2021
735,12/10/2021
736,07/29/2022
737,01/17/2022
738,11/13/2021
739,10/27/2022
740,02/05/2023
741,01/20/2023
742,01/11/2022
743,02/18/2023
744,11/13/2021
745,05/09/2022
746,12/28/2021
747,08/14/2022
748,03/10/2023
749,05/16/2022
750,12/08/2021
751,01/26/2022
752,12/22/2021
753,12/14/2022
754,08/24/2022
755,09/26/2022
756,11/24/2022
757,12/15/2021
758,08/24/2022
759,01/02/2023
760,02/13/2022
761,01/26/2022
762,01/01/2023
763,08/25/2022
764,12/20/2021
765,09/11/2022
766,07/16/2022
767,02/06/2023
768,01/11/2022
769,03/02/2022
770,02/05/2022
771,03/16/2022
772,08/01/2022
773,06/24/2022
774,11/12/2021
775,01/18/2022
776,08/15/2022
777,12/06/2021
778,09/26/2022
779,10/12/2022
780,05/28/2022
781,06/13/2022
782,04/05/2022
783,11/20/2021
784,07/23/2022
785,06/09/2022
786,05/11/2022
787,06/29/2022
788,12/21/2021
789,05/21/2022
790,11/01/2022
791,07/10/2022
792,11/13/2021
793,01/23/2022
794,11/12/2022
795,05/11/2022
796,10/06/2022
797,03/10/2022
798,02/17/2022
799,11/12/2021
800,10/03/2022
801,04/26/2022
802,05/13/2022
803,05/06/2022
804,01/01/2022
805,07/16/2022
806,02/21/2023
807,05/01/2022
808,05/04/2022
809,09/30/2022
810,12/04/2021
811,08/05/2022
812,02/15/2023
813,10/10/2022
814,01/28/2022
815,07/19/2022
816,06/06/2022
817,02/15/2023
818,05/31/2022
819,07/27/2022
820,02/20/2023
821,08/14/2022
822,11/13/2021
823,05/15/2022
824,03/08/2023
825,12/06/2022
826,01/09/2023
827,01/03/2022
828,03/14/2022
829,08/10/2022
830,11/03/2022
831,11/13/2022
832,07/10/2022
833,11/23/2021
834,03/19/2022
835,09/23/2022
836,02/23/2022
837,07/17/2022
838,03/12/2022
839,05/18/2022
840,12/02/2022
841,02/13/2022
842,07/04/2022
843,05/20/2022
844,01/19/2023
845,03/25/2022
846,02/16/2023
847,09/29/2022
848,03/20/2022
849,04/02/2023
850,01/28/2022
851,03/20/2023
852,02/28/2023
853,08/01/2022
854,01/29/2023
855,02/01/2022
856,01/13/2023
857,05/04/2022
858,06/02/2022
859,03/22/2022
860,11/07/2022
861,12/26/2022
862,07/12/2022
863,01/26/2023
864,01/22/2023
865,05/12/2022
866,06/09/2022
867,10/28/2022
868,11/18/2022
869,02/05/2022
870,06/29/2022
871,12/08/2022
872,04/28/2022
873,07/30/2022
874,07/13/2022
875,02/20/2023
876,03/15/2022
877,11/25/2022
878,01/19/2022
879,11/21/2022
880,10/27/2022
881,01/01/2022
882,04/03/2023
883,03/11/2022
884,12/23/2021
885,06/04/2022
886,08/26/2022
887,01/03/2022
888,12/05/2021
889,05/11/2022
890,12/27/2022
891,04/19/2022
892,02/27/2023
893,01/14/2023
894,01/06/2023
895,12/12/2021
896,04/08/2022
897,12/21/2022
898,01/16/2023
899,07/16/2022
900,03/25/2023
901,06/05/2022
902,02/01/2022
903,03/20/2023
904,06/06/2022
905,06/01/2022
906,04/01/2022
907,03/07/2023
908,10/25/2022
909,01/01/2023
910,04/12/2022
911,10/10/2022
912,11/29/2021
913,05/24/2022
914,01/31/2022
915,05/26/2022
916,03/29/2022
917,07/14/2022
918,12/14/2021
919,01/11/2022
920,03/25/2022
921,12/21/2021
922,11/09/2022
923,08/13/2022
924,01/24/2023
925,02/28/2022
926,06/11/2022
927,01/28/2023
928,12/29/2021
929,08/06/2022
930,08/22/2022
931,08/09/2022
932,03/17/2023
933,08/04/2022
934,10/25/2022
935,06/15/2022
936,01/19/2022
937,10/05/2022
938,06/11/2022
939,12/20/2021
940,12/02/2022
941,07/10/2022
942,01/24/2022
943,12/13/2022
944,12/29/2022
945,10/04/2022
946,12/24/2022
947,07/01/2022
948,03/17/2023
949,12/21/2021
950,12/10/2021
951,05/15/2022
952,04/13/2022
953,01/26/2023
954,04/02/2023
955,02/18/2023
956,02/28/2022
957,02/23/2022
958,04/24/2022
959,05/27/2022
960,03/31/2022
961,10/09/2022
962,02/11/2023
963,02/02/2022
964,08/08/2022
965,02/15/2023
966,03/17/2023
967,02/02/2023
968,05/28/2022
969,01/10/2023
970,03/30/2022
971,04/30/2022
972,02/22/2022
973,08/27/2022
974,06/26/2022
975,02/11/2023
976,08/12/2022
977,12/03/2021
978,01/04/2022
979,08/14/2022
980,02/21/2022
981,03/06/2022
982,12/05/2022
983,04/25/2022
984,02/07/2023
985,01/12/2023
986,12/06/2021
987,07/24/2022
988,01/11/2023
989,10/28/2022
990,12/18/2021
991,12/02/2021
992,01/05/2023
993,04/24/2022
994,03/07/2023
995,03/28/2022
996,11/12/2021
997,03/16/2022
998,06/15/2022
999,01/06/2023
1000,12/21/2021
