id,visitorcount,date
1,1,08/11/2022
2,2,12/22/2022
3,3,01/15/2022
4,4,02/20/2023
5,5,01/18/2023
6,6,03/21/2023
7,7,09/08/2022
8,8,09/24/2022
9,9,02/10/2023
10,10,12/18/2022
11,11,09/14/2022
12,12,08/18/2022
13,13,01/11/2022
14,14,05/30/2022
15,15,04/02/2022
16,16,09/21/2022
17,17,12/03/2021
18,18,02/20/2023
19,19,04/24/2022
20,20,08/16/2022
21,21,01/31/2023
22,22,12/19/2021
23,23,03/06/2022
24,24,12/22/2022
25,25,11/26/2022
26,26,04/12/2022
27,27,03/10/2022
28,28,12/12/2021
29,29,01/24/2023
30,30,01/02/2022
31,31,08/05/2022
32,32,01/06/2022
33,33,10/24/2022
34,34,08/18/2022
35,35,01/09/2022
36,36,06/14/2022
37,37,07/15/2022
38,38,05/30/2022
39,39,01/21/2022
40,40,09/02/2022
41,41,12/30/2021
42,42,11/28/2022
43,43,04/29/2022
44,44,07/06/2022
45,45,06/30/2022
46,46,10/19/2022
47,47,09/22/2022
48,48,03/05/2022
49,49,01/23/2022
50,50,02/20/2023
51,51,10/18/2022
52,52,09/02/2022
53,53,09/25/2022
54,54,03/09/2023
55,55,12/06/2022
56,56,03/17/2022
57,57,12/27/2022
58,58,05/23/2022
59,59,09/23/2022
60,60,11/24/2022
61,61,01/28/2023
62,62,11/22/2021
63,63,12/03/2022
64,64,03/26/2022
65,65,05/21/2022
66,66,08/26/2022
67,67,01/04/2022
68,68,06/08/2022
69,69,12/21/2021
70,70,03/31/2023
71,71,06/27/2022
72,72,02/16/2023
73,73,12/05/2021
74,74,03/11/2022
75,75,02/05/2023
76,76,09/12/2022
77,77,03/13/2023
78,78,03/18/2023
79,79,01/09/2022
80,80,07/01/2022
81,81,11/16/2021
82,82,03/03/2022
83,83,12/22/2022
84,84,02/12/2022
85,85,04/28/2022
86,86,07/24/2022
87,87,12/11/2022
88,88,09/06/2022
89,89,05/04/2022
90,90,03/05/2022
91,91,12/15/2021
92,92,01/07/2023
93,93,12/16/2021
94,94,06/26/2022
95,95,08/26/2022
96,96,12/17/2022
97,97,03/24/2023
98,98,01/01/2022
99,99,11/02/2022
100,100,03/30/2022
101,101,01/24/2022
102,102,05/25/2022
103,103,11/26/2022
104,104,02/17/2022
105,105,09/10/2022
106,106,07/22/2022
107,107,03/13/2023
108,108,03/26/2023
109,109,02/14/2023
110,110,06/16/2022
111,111,03/16/2022
112,112,03/05/2022
113,113,07/13/2022
114,114,02/21/2022
115,115,08/21/2022
116,116,07/29/2022
117,117,01/11/2023
118,118,01/02/2022
119,119,02/26/2023
120,120,10/28/2022
121,121,12/09/2022
122,122,08/20/2022
123,123,09/10/2022
124,124,10/13/2022
125,125,02/19/2022
126,126,08/15/2022
127,127,03/11/2023
128,128,02/01/2022
129,129,06/21/2022
130,130,12/16/2021
131,131,01/22/2022
132,132,02/09/2023
133,133,12/03/2022
134,134,06/11/2022
135,135,08/31/2022
136,136,11/20/2021
137,137,06/27/2022
138,138,03/16/2023
139,139,08/06/2022
140,140,03/16/2023
141,141,06/22/2022
142,142,07/18/2022
143,143,11/10/2022
144,144,11/25/2022
145,145,07/26/2022
146,146,01/30/2022
147,147,11/07/2022
148,148,03/14/2022
149,149,12/27/2022
150,150,02/17/2023
151,151,11/09/2022
152,152,08/23/2022
153,153,05/23/2022
154,154,01/08/2022
155,155,02/11/2023
156,156,12/11/2022
157,157,02/21/2022
158,158,10/08/2022
159,159,12/17/2021
160,160,03/17/2022
161,161,02/26/2023
162,162,06/11/2022
163,163,03/04/2022
164,164,10/06/2022
165,165,09/23/2022
166,166,05/16/2022
167,167,11/30/2022
168,168,01/31/2023
169,169,03/24/2023
170,170,06/22/2022
171,171,12/23/2021
172,172,04/10/2022
173,173,01/20/2023
174,174,03/21/2022
175,175,07/28/2022
176,176,12/25/2021
177,177,05/12/2022
178,178,03/29/2022
179,179,01/01/2023
180,180,01/14/2022
181,181,02/05/2023
182,182,12/22/2022
183,183,02/20/2022
184,184,02/01/2022
185,185,12/22/2022
186,186,09/10/2022
187,187,12/06/2022
188,188,03/18/2022
189,189,03/07/2022
190,190,12/04/2021
191,191,01/11/2023
192,192,01/29/2022
193,193,12/16/2022
194,194,05/01/2022
195,195,04/03/2022
196,196,07/21/2022
197,197,09/17/2022
198,198,04/15/2022
199,199,05/03/2022
200,200,12/04/2022
201,201,09/04/2022
202,202,05/17/2022
203,203,06/30/2022
204,204,03/14/2023
205,205,08/02/2022
206,206,04/28/2022
207,207,06/02/2022
208,208,09/30/2022
209,209,07/24/2022
210,210,11/14/2022
211,211,01/21/2022
212,212,01/25/2023
213,213,08/06/2022
214,214,12/01/2022
215,215,02/10/2022
216,216,12/06/2021
217,217,07/05/2022
218,218,11/05/2022
219,219,03/13/2023
220,220,02/03/2022
221,221,12/08/2021
222,222,02/24/2023
223,223,03/30/2023
224,224,09/23/2022
225,225,01/12/2022
226,226,09/28/2022
227,227,06/01/2022
228,228,02/14/2022
229,229,06/05/2022
230,230,12/05/2021
231,231,03/13/2022
232,232,04/22/2022
233,233,11/20/2021
234,234,12/30/2021
235,235,11/20/2021
236,236,05/01/2022
237,237,09/01/2022
238,238,02/05/2022
239,239,12/02/2022
240,240,02/27/2023
241,241,04/25/2022
242,242,11/16/2021
243,243,08/25/2022
244,244,07/14/2022
245,245,11/02/2022
246,246,03/03/2023
247,247,07/02/2022
248,248,02/16/2023
249,249,07/11/2022
250,250,01/15/2023
251,251,11/13/2021
252,252,11/04/2022
253,253,02/18/2023
254,254,10/02/2022
255,255,01/10/2023
256,256,06/23/2022
257,257,03/30/2023
258,258,07/27/2022
259,259,04/16/2022
260,260,05/22/2022
261,261,12/30/2021
262,262,07/25/2022
263,263,01/14/2023
264,264,02/14/2022
265,265,01/18/2023
266,266,02/28/2022
267,267,11/22/2022
268,268,11/17/2021
269,269,01/07/2022
270,270,11/01/2022
271,271,03/28/2023
272,272,01/12/2023
273,273,06/14/2022
274,274,11/30/2021
275,275,01/18/2022
276,276,03/23/2023
277,277,05/05/2022
278,278,09/22/2022
279,279,07/02/2022
280,280,01/29/2022
281,281,02/08/2023
282,282,01/18/2022
283,283,02/25/2022
284,284,02/11/2022
285,285,10/30/2022
286,286,10/04/2022
287,287,11/22/2022
288,288,11/19/2021
289,289,06/25/2022
290,290,09/05/2022
291,291,01/18/2022
292,292,09/03/2022
293,293,03/17/2023
294,294,01/02/2022
295,295,01/05/2023
296,296,12/01/2022
297,297,03/02/2023
298,298,09/22/2022
299,299,11/18/2021
300,300,12/07/2022
301,301,04/10/2022
302,302,01/18/2023
303,303,09/07/2022
304,304,06/06/2022
305,305,01/28/2022
306,306,06/03/2022
307,307,02/13/2023
308,308,01/27/2023
309,309,12/20/2021
310,310,11/29/2021
311,311,05/05/2022
312,312,12/21/2021
313,313,12/30/2022
314,314,03/26/2023
315,315,11/27/2021
316,316,07/26/2022
317,317,12/07/2021
318,318,03/13/2022
319,319,10/14/2022
320,320,11/20/2022
321,321,06/02/2022
322,322,08/15/2022
323,323,11/26/2021
324,324,08/11/2022
325,325,12/13/2022
326,326,07/25/2022
327,327,07/31/2022
328,328,01/29/2023
329,329,04/23/2022
330,330,10/18/2022
331,331,11/26/2022
332,332,12/05/2022
333,333,12/01/2021
334,334,08/27/2022
335,335,03/12/2022
336,336,05/12/2022
337,337,10/10/2022
338,338,04/30/2022
339,339,04/10/2022
340,340,06/25/2022
341,341,04/17/2022
342,342,12/09/2022
343,343,12/26/2022
344,344,02/07/2022
345,345,06/11/2022
346,346,12/18/2022
347,347,05/31/2022
348,348,04/13/2022
349,349,11/01/2022
350,350,05/15/2022
351,351,11/17/2022
352,352,08/23/2022
353,353,04/15/2022
354,354,02/04/2023
355,355,03/07/2023
356,356,08/16/2022
357,357,01/27/2022
358,358,09/02/2022
359,359,07/10/2022
360,360,09/22/2022
361,361,11/25/2022
362,362,06/04/2022
363,363,03/02/2022
364,364,04/08/2022
365,365,09/22/2022
366,366,07/09/2022
367,367,09/10/2022
368,368,05/28/2022
369,369,10/30/2022
370,370,11/16/2021
371,371,01/15/2022
372,372,02/25/2023
373,373,04/02/2023
374,374,01/27/2022
375,375,08/21/2022
376,376,05/15/2022
377,377,12/01/2021
378,378,08/08/2022
379,379,08/05/2022
380,380,02/15/2023
381,381,11/26/2022
382,382,12/24/2022
383,383,11/10/2021
384,384,06/01/2022
385,385,09/18/2022
386,386,10/26/2022
387,387,04/05/2022
388,388,06/19/2022
389,389,08/13/2022
390,390,08/23/2022
391,391,11/13/2022
392,392,01/21/2022
393,393,11/05/2022
394,394,11/20/2021
395,395,10/03/2022
396,396,07/30/2022
397,397,10/23/2022
398,398,06/14/2022
399,399,02/26/2023
400,400,08/16/2022
401,401,02/18/2022
402,402,08/31/2022
403,403,03/27/2022
404,404,09/16/2022
405,405,11/29/2021
406,406,05/16/2022
407,407,01/29/2023
408,408,05/31/2022
409,409,01/21/2022
410,410,01/26/2023
411,411,04/16/2022
412,412,10/26/2022
413,413,01/26/2023
414,414,06/14/2022
415,415,09/19/2022
416,416,01/16/2022
417,417,03/05/2023
418,418,10/06/2022
419,419,01/16/2022
420,420,02/18/2023
421,421,11/16/2021
422,422,02/07/2022
423,423,09/18/2022
424,424,06/02/2022
425,425,05/13/2022
426,426,11/08/2022
427,427,11/16/2021
428,428,09/19/2022
429,429,04/18/2022
430,430,01/29/2023
431,431,11/22/2022
432,432,07/25/2022
433,433,02/07/2023
434,434,09/04/2022
435,435,04/28/2022
436,436,07/22/2022
437,437,07/12/2022
438,438,11/30/2022
439,439,09/03/2022
440,440,01/01/2022
441,441,02/17/2022
442,442,08/19/2022
443,443,01/12/2023
444,444,07/14/2022
445,445,05/22/2022
446,446,06/06/2022
447,447,03/20/2023
448,448,05/22/2022
449,449,04/22/2022
450,450,08/01/2022
451,451,05/03/2022
452,452,06/17/2022
453,453,10/07/2022
454,454,05/07/2022
455,455,07/04/2022
456,456,04/24/2022
457,457,03/11/2022
458,458,08/05/2022
459,459,03/12/2022
460,460,09/13/2022
461,461,01/25/2023
462,462,07/07/2022
463,463,05/14/2022
464,464,03/25/2022
465,465,12/07/2021
466,466,01/13/2022
467,467,04/27/2022
468,468,08/26/2022
469,469,02/07/2023
470,470,05/18/2022
471,471,12/03/2022
472,472,12/24/2022
473,473,10/04/2022
474,474,01/20/2023
475,475,09/01/2022
476,476,03/15/2022
477,477,02/26/2023
478,478,04/15/2022
479,479,05/19/2022
480,480,04/27/2022
481,481,11/10/2022
482,482,03/26/2023
483,483,05/05/2022
484,484,02/11/2023
485,485,06/26/2022
486,486,02/22/2023
487,487,06/30/2022
488,488,03/26/2022
489,489,01/19/2023
490,490,12/09/2022
491,491,03/30/2022
492,492,06/27/2022
493,493,06/21/2022
494,494,11/09/2022
495,495,03/04/2023
496,496,12/30/2021
497,497,03/16/2022
498,498,10/03/2022
499,499,05/12/2022
500,500,11/27/2021
501,501,08/16/2022
502,502,09/13/2022
503,503,01/18/2023
504,504,04/10/2022
505,505,07/29/2022
506,506,03/16/2022
507,507,10/11/2022
508,508,03/25/2022
509,509,08/12/2022
510,510,01/08/2023
511,511,04/03/2023
512,512,07/12/2022
513,513,06/17/2022
514,514,02/24/2023
515,515,09/05/2022
516,516,12/15/2021
517,517,02/06/2022
518,518,03/16/2023
519,519,10/18/2022
520,520,01/07/2022
521,521,03/14/2022
522,522,01/26/2022
523,523,04/20/2022
524,524,06/28/2022
525,525,09/08/2022
526,526,05/30/2022
527,527,06/18/2022
528,528,08/31/2022
529,529,12/02/2022
530,530,11/08/2022
531,531,02/17/2023
532,532,01/30/2023
533,533,03/27/2023
534,534,03/14/2022
535,535,09/18/2022
536,536,11/10/2022
537,537,10/06/2022
538,538,03/07/2023
539,539,09/19/2022
540,540,02/09/2023
541,541,12/07/2022
542,542,02/23/2022
543,543,08/25/2022
544,544,11/27/2021
545,545,10/26/2022
546,546,12/01/2021
547,547,12/27/2022
548,548,12/14/2021
549,549,12/16/2021
550,550,10/24/2022
551,551,05/22/2022
552,552,01/08/2022
553,553,06/30/2022
554,554,03/30/2022
555,555,02/07/2023
556,556,05/24/2022
557,557,08/16/2022
558,558,12/04/2022
559,559,11/15/2021
560,560,12/21/2022
561,561,08/21/2022
562,562,09/22/2022
563,563,03/13/2023
564,564,07/18/2022
565,565,02/28/2022
566,566,09/27/2022
567,567,03/18/2022
568,568,11/19/2022
569,569,07/15/2022
570,570,12/02/2022
571,571,02/20/2022
572,572,09/27/2022
573,573,03/23/2023
574,574,02/15/2022
575,575,02/21/2023
576,576,02/24/2022
577,577,12/29/2021
578,578,02/19/2022
579,579,05/09/2022
580,580,08/06/2022
581,581,08/03/2022
582,582,12/09/2022
583,583,10/13/2022
584,584,03/05/2023
585,585,08/23/2022
586,586,10/27/2022
587,587,01/28/2022
588,588,06/06/2022
589,589,04/15/2022
590,590,01/08/2022
591,591,01/29/2022
592,592,01/04/2023
593,593,12/21/2022
594,594,02/13/2022
595,595,01/17/2022
596,596,06/10/2022
597,597,11/29/2022
598,598,02/25/2023
599,599,03/30/2022
600,600,12/14/2021
601,601,10/01/2022
602,602,08/06/2022
603,603,09/18/2022
604,604,07/29/2022
605,605,02/15/2023
606,606,01/06/2022
607,607,02/10/2023
608,608,11/13/2022
609,609,11/02/2022
610,610,08/08/2022
611,611,02/06/2022
612,612,12/07/2021
613,613,03/07/2022
614,614,04/25/2022
615,615,06/24/2022
616,616,12/05/2021
617,617,10/13/2022
618,618,03/22/2022
619,619,02/21/2022
620,620,05/23/2022
621,621,01/04/2022
622,622,01/15/2022
623,623,11/24/2021
624,624,02/21/2023
625,625,11/18/2022
626,626,12/08/2021
627,627,12/21/2021
628,628,11/06/2022
629,629,12/03/2021
630,630,03/19/2023
631,631,11/16/2021
632,632,06/05/2022
633,633,11/22/2022
634,634,12/05/2021
635,635,04/04/2022
636,636,03/26/2023
637,637,10/02/2022
638,638,01/01/2023
639,639,02/28/2022
640,640,09/27/2022
641,641,06/25/2022
642,642,05/02/2022
643,643,11/06/2022
644,644,07/08/2022
645,645,08/14/2022
646,646,12/21/2021
647,647,06/12/2022
648,648,10/20/2022
649,649,02/08/2023
650,650,03/01/2022
651,651,10/26/2022
652,652,02/25/2023
653,653,12/06/2021
654,654,03/29/2023
655,655,06/03/2022
656,656,06/05/2022
657,657,12/03/2022
658,658,09/27/2022
659,659,06/03/2022
660,660,03/29/2023
661,661,11/30/2021
662,662,12/03/2021
663,663,07/27/2022
664,664,12/20/2022
665,665,08/04/2022
666,666,05/08/2022
667,667,09/26/2022
668,668,11/08/2022
669,669,12/26/2021
670,670,05/06/2022
671,671,07/25/2022
672,672,09/20/2022
673,673,01/31/2022
674,674,05/20/2022
675,675,02/20/2023
676,676,04/10/2022
677,677,02/12/2023
678,678,05/14/2022
679,679,02/07/2023
680,680,02/13/2022
681,681,06/04/2022
682,682,12/24/2022
683,683,01/30/2023
684,684,12/10/2022
685,685,01/19/2023
686,686,02/16/2023
687,687,10/25/2022
688,688,12/16/2022
689,689,11/30/2021
690,690,01/15/2023
691,691,10/04/2022
692,692,03/22/2023
693,693,02/24/2022
694,694,03/05/2023
695,695,05/11/2022
696,696,03/23/2022
697,697,01/15/2023
698,698,12/03/2022
699,699,04/02/2022
700,700,08/19/2022
701,701,03/20/2022
702,702,11/15/2021
703,703,01/02/2022
704,704,12/26/2022
705,705,06/21/2022
706,706,07/31/2022
707,707,05/06/2022
708,708,10/16/2022
709,709,01/14/2022
710,710,05/07/2022
711,711,06/01/2022
712,712,03/16/2023
713,713,07/08/2022
714,714,11/16/2021
715,715,08/22/2022
716,716,11/15/2021
717,717,07/18/2022
718,718,03/30/2022
719,719,08/02/2022
720,720,02/08/2023
721,721,12/17/2021
722,722,01/30/2022
723,723,07/06/2022
724,724,01/08/2023
725,725,01/12/2023
726,726,07/11/2022
727,727,07/18/2022
728,728,03/24/2022
729,729,02/25/2023
730,730,01/11/2023
731,731,09/24/2022
732,732,08/08/2022
733,733,10/22/2022
734,734,04/11/2022
735,735,12/17/2021
736,736,04/29/2022
737,737,10/23/2022
738,738,01/25/2022
739,739,07/14/2022
740,740,10/12/2022
741,741,11/23/2022
742,742,10/10/2022
743,743,03/18/2022
744,744,02/13/2022
745,745,03/29/2022
746,746,10/26/2022
747,747,03/22/2023
748,748,04/04/2022
749,749,04/20/2022
750,750,11/10/2021
751,751,04/08/2022
752,752,04/08/2022
753,753,01/02/2022
754,754,01/31/2022
755,755,02/01/2023
756,756,01/07/2022
757,757,03/16/2023
758,758,03/25/2022
759,759,11/12/2021
760,760,01/18/2022
761,761,03/02/2023
762,762,06/05/2022
763,763,12/04/2022
764,764,03/16/2022
765,765,02/01/2023
766,766,04/24/2022
767,767,05/02/2022
768,768,07/19/2022
769,769,05/20/2022
770,770,02/06/2022
771,771,12/27/2021
772,772,03/15/2023
773,773,07/05/2022
774,774,09/02/2022
775,775,11/12/2021
776,776,03/15/2023
777,777,12/28/2022
778,778,06/25/2022
779,779,09/15/2022
780,780,03/25/2022
781,781,05/24/2022
782,782,11/23/2022
783,783,04/20/2022
784,784,12/18/2022
785,785,07/16/2022
786,786,01/19/2022
787,787,10/01/2022
788,788,04/07/2022
789,789,10/31/2022
790,790,10/04/2022
791,791,07/16/2022
792,792,12/25/2022
793,793,10/30/2022
794,794,12/30/2022
795,795,08/02/2022
796,796,02/11/2023
797,797,03/10/2022
798,798,01/17/2022
799,799,06/17/2022
800,800,12/27/2022
801,801,06/02/2022
802,802,12/15/2022
803,803,08/25/2022
804,804,11/14/2022
805,805,03/26/2023
806,806,07/09/2022
807,807,05/23/2022
808,808,03/05/2022
809,809,03/24/2022
810,810,06/17/2022
811,811,04/12/2022
812,812,01/10/2023
813,813,08/11/2022
814,814,02/19/2022
815,815,10/04/2022
816,816,07/08/2022
817,817,02/28/2023
818,818,03/21/2023
819,819,10/11/2022
820,820,01/20/2022
821,821,07/06/2022
822,822,04/06/2022
823,823,01/01/2023
824,824,11/16/2021
825,825,07/17/2022
826,826,11/29/2021
827,827,05/08/2022
828,828,12/21/2021
829,829,03/13/2022
830,830,12/08/2022
831,831,11/11/2022
832,832,03/24/2022
833,833,03/02/2023
834,834,02/06/2023
835,835,11/26/2021
836,836,12/18/2022
837,837,12/31/2022
838,838,02/21/2022
839,839,01/24/2023
840,840,03/13/2022
841,841,11/10/2021
842,842,08/09/2022
843,843,09/23/2022
844,844,03/03/2022
845,845,05/06/2022
846,846,09/06/2022
847,847,08/03/2022
848,848,11/05/2022
849,849,10/24/2022
850,850,07/15/2022
851,851,12/21/2022
852,852,03/22/2022
853,853,05/22/2022
854,854,11/02/2022
855,855,06/10/2022
856,856,03/17/2023
857,857,03/23/2022
858,858,11/12/2022
859,859,11/23/2021
860,860,11/30/2022
861,861,04/10/2022
862,862,12/12/2021
863,863,08/20/2022
864,864,08/02/2022
865,865,10/16/2022
866,866,07/16/2022
867,867,02/07/2023
868,868,04/01/2023
869,869,02/18/2022
870,870,01/27/2023
871,871,10/22/2022
872,872,12/04/2022
873,873,08/29/2022
874,874,09/04/2022
875,875,12/04/2022
876,876,01/25/2023
877,877,07/24/2022
878,878,03/29/2023
879,879,12/21/2022
880,880,05/31/2022
881,881,11/13/2022
882,882,11/23/2021
883,883,05/10/2022
884,884,11/26/2021
885,885,01/21/2023
886,886,03/01/2023
887,887,03/04/2023
888,888,07/04/2022
889,889,10/13/2022
890,890,12/10/2021
891,891,04/23/2022
892,892,08/03/2022
893,893,11/23/2022
894,894,06/13/2022
895,895,02/12/2023
896,896,04/26/2022
897,897,09/30/2022
898,898,07/13/2022
899,899,08/18/2022
900,900,09/06/2022
901,901,06/17/2022
902,902,04/15/2022
903,903,05/21/2022
904,904,04/22/2022
905,905,07/15/2022
906,906,10/20/2022
907,907,01/03/2022
908,908,03/15/2022
909,909,03/15/2022
910,910,09/26/2022
911,911,02/04/2023
912,912,08/20/2022
913,913,01/09/2022
914,914,02/17/2022
915,915,03/23/2023
916,916,06/08/2022
917,917,11/22/2021
918,918,11/23/2021
919,919,04/02/2022
920,920,07/16/2022
921,921,04/25/2022
922,922,11/06/2022
923,923,07/28/2022
924,924,11/13/2021
925,925,06/24/2022
926,926,06/15/2022
927,927,10/16/2022
928,928,11/28/2022
929,929,03/13/2022
930,930,01/28/2023
931,931,12/11/2022
932,932,05/14/2022
933,933,09/26/2022
934,934,01/27/2022
935,935,05/13/2022
936,936,01/05/2023
937,937,10/13/2022
938,938,11/25/2021
939,939,11/05/2022
940,940,10/01/2022
941,941,02/27/2023
942,942,04/16/2022
943,943,11/25/2021
944,944,03/27/2023
945,945,11/22/2021
946,946,12/21/2022
947,947,03/01/2022
948,948,06/02/2022
949,949,04/16/2022
950,950,11/28/2022
951,951,02/19/2023
952,952,10/19/2022
953,953,11/15/2022
954,954,04/03/2022
955,955,05/30/2022
956,956,02/20/2023
957,957,09/19/2022
958,958,08/29/2022
959,959,12/15/2021
960,960,01/31/2022
961,961,03/04/2023
962,962,01/08/2022
963,963,04/24/2022
964,964,11/18/2022
965,965,09/23/2022
966,966,07/29/2022
967,967,09/01/2022
968,968,01/02/2023
969,969,12/14/2022
970,970,10/08/2022
971,971,01/17/2023
972,972,03/29/2022
973,973,02/10/2023
974,974,08/21/2022
975,975,02/11/2023
976,976,02/20/2022
977,977,12/25/2022
978,978,01/29/2023
979,979,08/17/2022
980,980,12/23/2021
981,981,06/03/2022
982,982,04/17/2022
983,983,01/25/2022
984,984,12/04/2021
985,985,09/26/2022
986,986,01/23/2022
987,987,04/26/2022
988,988,09/27/2022
989,989,02/17/2022
990,990,12/14/2022
991,991,05/16/2022
992,992,04/16/2022
993,993,01/17/2023
994,994,11/21/2021
995,995,05/19/2022
996,996,09/05/2022
997,997,03/07/2023
998,998,01/10/2022
999,999,10/10/2022
1000,1000,02/23/2022
