id,visitor,visitdate
1,1,05/09/2022
2,2,07/01/2022
3,3,05/25/2022
4,4,09/02/2022
5,5,02/04/2022
6,6,04/11/2022
7,7,01/16/2023
8,8,01/16/2022
9,9,03/25/2022
10,10,01/05/2022
11,11,08/02/2022
12,12,08/15/2022
13,13,02/12/2022
14,14,09/08/2022
15,15,06/21/2022
16,16,03/14/2023
17,17,07/29/2022
18,18,12/28/2022
19,19,10/06/2022
20,20,03/26/2023
21,21,08/19/2022
22,22,02/02/2023
23,23,02/28/2022
24,24,08/02/2022
25,25,08/12/2022
26,26,02/19/2022
27,27,03/30/2022
28,28,09/28/2022
29,29,02/07/2022
30,30,05/04/2022
31,31,02/01/2022
32,32,01/06/2022
33,33,08/25/2022
34,34,02/04/2022
35,35,12/26/2021
36,36,04/17/2022
37,37,12/21/2021
38,38,01/13/2023
39,39,02/26/2023
40,40,03/15/2023
41,41,01/19/2022
42,42,01/07/2023
43,43,12/25/2021
44,44,08/08/2022
45,45,04/21/2022
46,46,10/24/2022
47,47,03/25/2023
48,48,07/04/2022
49,49,02/01/2022
50,50,03/11/2022
51,51,11/13/2022
52,52,01/11/2023
53,53,02/01/2023
54,54,10/28/2022
55,55,01/13/2023
56,56,07/11/2022
57,57,01/08/2023
58,58,03/05/2023
59,59,11/30/2021
60,60,07/07/2022
61,61,12/27/2021
62,62,04/22/2022
63,63,09/05/2022
64,64,04/04/2022
65,65,07/02/2022
66,66,05/13/2022
67,67,07/18/2022
68,68,02/21/2023
69,69,02/20/2022
70,70,05/04/2022
71,71,11/13/2021
72,72,12/03/2021
73,73,08/19/2022
74,74,11/08/2022
75,75,12/07/2021
76,76,02/10/2022
77,77,12/15/2021
78,78,10/29/2022
79,79,11/30/2021
80,80,03/05/2023
81,81,10/21/2022
82,82,11/20/2022
83,83,02/25/2022
84,84,11/09/2022
85,85,02/03/2022
86,86,03/25/2022
87,87,09/11/2022
88,88,06/17/2022
89,89,07/30/2022
90,90,02/14/2023
91,91,07/07/2022
92,92,12/14/2021
93,93,10/23/2022
94,94,02/24/2022
95,95,08/15/2022
96,96,04/12/2022
97,97,11/14/2022
98,98,11/03/2022
99,99,03/28/2022
100,100,03/18/2022
101,101,04/02/2023
102,102,03/06/2023
103,103,08/08/2022
104,104,11/11/2021
105,105,11/14/2021
106,106,06/26/2022
107,107,01/30/2022
108,108,06/17/2022
109,109,04/28/2022
110,110,03/25/2023
111,111,03/22/2023
112,112,08/07/2022
113,113,02/25/2022
114,114,12/14/2021
115,115,01/28/2022
116,116,12/08/2021
117,117,03/13/2022
118,118,01/12/2023
119,119,09/06/2022
120,120,05/03/2022
121,121,12/28/2021
122,122,05/14/2022
123,123,03/31/2023
124,124,04/02/2022
125,125,03/21/2022
126,126,06/08/2022
127,127,01/12/2023
128,128,08/18/2022
129,129,06/06/2022
130,130,10/19/2022
131,131,11/01/2022
132,132,12/24/2021
133,133,12/01/2022
134,134,03/16/2023
135,135,02/11/2022
136,136,09/24/2022
137,137,06/21/2022
138,138,02/20/2023
139,139,01/18/2022
140,140,06/02/2022
141,141,04/02/2022
142,142,12/11/2021
143,143,02/27/2023
144,144,03/12/2022
145,145,02/24/2023
146,146,11/09/2022
147,147,07/02/2022
148,148,01/04/2023
149,149,07/01/2022
150,150,12/25/2021
151,151,12/22/2021
152,152,06/19/2022
153,153,10/29/2022
154,154,02/15/2022
155,155,09/25/2022
156,156,07/17/2022
157,157,01/12/2022
158,158,01/23/2022
159,159,01/30/2022
160,160,07/04/2022
161,161,08/31/2022
162,162,06/18/2022
163,163,12/17/2021
164,164,02/25/2023
165,165,01/06/2023
166,166,11/05/2022
167,167,11/30/2022
168,168,11/26/2021
169,169,11/30/2022
170,170,01/21/2022
171,171,03/02/2023
172,172,01/16/2022
173,173,04/11/2022
174,174,11/30/2021
175,175,07/24/2022
176,176,08/15/2022
177,177,08/11/2022
178,178,03/04/2022
179,179,12/12/2022
180,180,07/04/2022
181,181,12/01/2022
182,182,03/11/2023
183,183,01/09/2023
184,184,03/30/2023
185,185,02/02/2023
186,186,05/21/2022
187,187,02/24/2023
188,188,01/17/2022
189,189,06/08/2022
190,190,03/10/2022
191,191,12/21/2022
192,192,10/08/2022
193,193,12/12/2021
194,194,11/17/2022
195,195,07/08/2022
196,196,11/12/2021
197,197,11/14/2021
198,198,11/11/2022
199,199,12/24/2022
200,200,06/19/2022
201,201,11/06/2022
202,202,01/23/2023
203,203,03/18/2022
204,204,06/07/2022
205,205,03/18/2022
206,206,07/30/2022
207,207,01/24/2023
208,208,01/17/2023
209,209,10/11/2022
210,210,02/27/2022
211,211,12/28/2021
212,212,12/29/2022
213,213,01/12/2023
214,214,04/08/2022
215,215,11/16/2022
216,216,10/07/2022
217,217,03/03/2023
218,218,03/07/2022
219,219,12/01/2021
220,220,06/11/2022
221,221,11/16/2021
222,222,10/07/2022
223,223,05/24/2022
224,224,12/20/2022
225,225,07/09/2022
226,226,12/03/2021
227,227,08/21/2022
228,228,09/26/2022
229,229,02/24/2022
230,230,03/22/2022
231,231,04/06/2022
232,232,11/22/2022
233,233,04/24/2022
234,234,07/05/2022
235,235,03/04/2023
236,236,01/22/2023
237,237,09/09/2022
238,238,12/10/2021
239,239,01/17/2023
240,240,03/07/2023
241,241,09/22/2022
242,242,01/19/2022
243,243,02/18/2022
244,244,01/21/2023
245,245,02/17/2022
246,246,12/12/2021
247,247,12/14/2021
248,248,05/07/2022
249,249,06/04/2022
250,250,02/28/2022
251,251,08/20/2022
252,252,02/22/2023
253,253,05/11/2022
254,254,08/05/2022
255,255,03/12/2023
256,256,08/29/2022
257,257,10/02/2022
258,258,06/09/2022
259,259,11/24/2022
260,260,06/12/2022
261,261,05/04/2022
262,262,11/28/2021
263,263,03/10/2023
264,264,01/03/2023
265,265,06/24/2022
266,266,01/29/2022
267,267,01/04/2023
268,268,10/09/2022
269,269,02/11/2023
270,270,03/15/2023
271,271,10/28/2022
272,272,05/23/2022
273,273,02/22/2023
274,274,08/14/2022
275,275,03/16/2023
276,276,11/27/2021
277,277,07/06/2022
278,278,03/02/2023
279,279,01/22/2023
280,280,01/22/2023
281,281,08/10/2022
282,282,01/20/2022
283,283,03/27/2022
284,284,06/24/2022
285,285,07/03/2022
286,286,01/27/2022
287,287,10/19/2022
288,288,06/04/2022
289,289,02/17/2023
290,290,03/10/2022
291,291,01/18/2022
292,292,11/03/2022
293,293,12/12/2021
294,294,08/06/2022
295,295,01/09/2022
296,296,12/27/2022
297,297,11/28/2022
298,298,03/07/2023
299,299,12/08/2021
300,300,11/26/2021
301,301,10/04/2022
302,302,12/21/2022
303,303,07/28/2022
304,304,12/11/2022
305,305,02/03/2022
306,306,02/25/2023
307,307,06/07/2022
308,308,12/16/2022
309,309,09/05/2022
310,310,04/20/2022
311,311,02/15/2022
312,312,11/20/2021
313,313,05/15/2022
314,314,02/21/2023
315,315,02/07/2023
316,316,04/16/2022
317,317,07/07/2022
318,318,03/27/2023
319,319,10/10/2022
320,320,01/08/2022
321,321,01/26/2022
322,322,01/02/2022
323,323,04/19/2022
324,324,02/18/2023
325,325,10/11/2022
326,326,09/29/2022
327,327,12/30/2021
328,328,12/13/2022
329,329,08/15/2022
330,330,03/16/2022
331,331,07/10/2022
332,332,03/27/2023
333,333,04/21/2022
334,334,03/01/2022
335,335,04/24/2022
336,336,03/12/2023
337,337,06/19/2022
338,338,02/24/2023
339,339,07/30/2022
340,340,06/30/2022
341,341,09/29/2022
342,342,03/05/2023
343,343,05/21/2022
344,344,03/21/2023
345,345,03/11/2022
346,346,02/20/2023
347,347,11/15/2021
348,348,01/08/2022
349,349,12/08/2021
350,350,06/04/2022
351,351,11/07/2022
352,352,01/04/2022
353,353,09/26/2022
354,354,01/18/2022
355,355,09/20/2022
356,356,09/26/2022
357,357,06/20/2022
358,358,09/04/2022
359,359,12/03/2021
360,360,08/04/2022
361,361,04/16/2022
362,362,06/11/2022
363,363,03/17/2022
364,364,04/16/2022
365,365,11/22/2022
366,366,02/05/2022
367,367,06/02/2022
368,368,05/06/2022
369,369,08/14/2022
370,370,07/15/2022
371,371,06/17/2022
372,372,02/15/2023
373,373,02/08/2023
374,374,11/26/2021
375,375,06/21/2022
376,376,02/04/2023
377,377,01/19/2022
378,378,04/16/2022
379,379,01/28/2023
380,380,12/12/2022
381,381,09/18/2022
382,382,11/25/2021
383,383,12/04/2022
384,384,11/22/2022
385,385,05/06/2022
386,386,02/15/2023
387,387,12/11/2021
388,388,07/08/2022
389,389,04/09/2022
390,390,11/10/2022
391,391,03/17/2022
392,392,04/25/2022
393,393,07/06/2022
394,394,04/14/2022
395,395,04/02/2022
396,396,10/31/2022
397,397,11/14/2022
398,398,03/07/2022
399,399,09/26/2022
400,400,11/02/2022
401,401,03/01/2023
402,402,06/15/2022
403,403,01/10/2022
404,404,12/12/2022
405,405,02/15/2022
406,406,11/03/2022
407,407,03/31/2022
408,408,08/03/2022
409,409,11/05/2022
410,410,09/01/2022
411,411,06/09/2022
412,412,09/15/2022
413,413,06/29/2022
414,414,06/06/2022
415,415,08/02/2022
416,416,07/25/2022
417,417,12/12/2021
418,418,07/04/2022
419,419,09/24/2022
420,420,11/20/2021
421,421,03/05/2023
422,422,02/23/2023
423,423,11/04/2022
424,424,01/20/2022
425,425,10/25/2022
426,426,12/10/2022
427,427,11/02/2022
428,428,11/16/2021
429,429,05/11/2022
430,430,03/06/2022
431,431,03/11/2023
432,432,04/28/2022
433,433,10/17/2022
434,434,02/14/2022
435,435,01/01/2022
436,436,10/10/2022
437,437,12/31/2021
438,438,10/01/2022
439,439,03/07/2023
440,440,01/23/2023
441,441,01/17/2023
442,442,07/22/2022
443,443,03/23/2022
444,444,12/05/2022
445,445,12/31/2022
446,446,08/17/2022
447,447,03/08/2022
448,448,11/25/2021
449,449,11/18/2022
450,450,12/07/2021
451,451,01/18/2022
452,452,02/03/2022
453,453,07/25/2022
454,454,01/17/2023
455,455,03/30/2022
456,456,12/14/2021
457,457,02/22/2023
458,458,03/07/2023
459,459,05/17/2022
460,460,11/14/2022
461,461,11/18/2022
462,462,03/11/2022
463,463,02/06/2023
464,464,04/08/2022
465,465,04/17/2022
466,466,11/13/2021
467,467,09/27/2022
468,468,08/12/2022
469,469,11/22/2022
470,470,12/19/2022
471,471,12/23/2021
472,472,11/20/2022
473,473,03/09/2023
474,474,12/19/2022
475,475,02/12/2023
476,476,04/22/2022
477,477,02/04/2022
478,478,12/26/2022
479,479,03/12/2023
480,480,01/12/2022
481,481,03/21/2022
482,482,08/02/2022
483,483,03/15/2023
484,484,12/03/2021
485,485,01/19/2023
486,486,01/24/2022
487,487,08/09/2022
488,488,04/03/2022
489,489,02/20/2022
490,490,08/10/2022
491,491,06/13/2022
492,492,03/21/2023
493,493,02/10/2022
494,494,01/23/2023
495,495,12/22/2021
496,496,03/01/2022
497,497,12/11/2022
498,498,11/21/2022
499,499,06/20/2022
500,500,03/12/2023
501,501,07/31/2022
502,502,08/29/2022
503,503,10/15/2022
504,504,12/27/2021
505,505,05/19/2022
506,506,02/01/2022
507,507,07/14/2022
508,508,02/20/2022
509,509,01/02/2023
510,510,03/14/2022
511,511,08/19/2022
512,512,01/20/2022
513,513,09/23/2022
514,514,03/01/2022
515,515,09/14/2022
516,516,06/05/2022
517,517,12/19/2021
518,518,07/25/2022
519,519,08/25/2022
520,520,04/09/2022
521,521,05/20/2022
522,522,12/02/2021
523,523,11/08/2022
524,524,04/21/2022
525,525,09/09/2022
526,526,05/17/2022
527,527,12/26/2022
528,528,12/23/2022
529,529,12/16/2022
530,530,09/15/2022
531,531,03/28/2023
532,532,10/05/2022
533,533,01/11/2023
534,534,04/27/2022
535,535,05/31/2022
536,536,10/25/2022
537,537,01/24/2022
538,538,01/28/2023
539,539,11/12/2022
540,540,01/12/2023
541,541,02/07/2023
542,542,02/17/2022
543,543,11/22/2021
544,544,06/11/2022
545,545,12/14/2021
546,546,10/08/2022
547,547,02/08/2022
548,548,07/13/2022
549,549,01/16/2022
550,550,11/15/2021
551,551,03/20/2023
552,552,03/17/2022
553,553,04/27/2022
554,554,12/13/2021
555,555,02/05/2022
556,556,07/07/2022
557,557,04/03/2023
558,558,07/10/2022
559,559,05/21/2022
560,560,12/08/2021
561,561,12/13/2022
562,562,04/02/2023
563,563,04/12/2022
564,564,01/15/2023
565,565,09/12/2022
566,566,05/28/2022
567,567,01/05/2022
568,568,07/26/2022
569,569,03/25/2023
570,570,11/23/2021
571,571,12/04/2021
572,572,06/05/2022
573,573,08/03/2022
574,574,10/05/2022
575,575,01/15/2022
576,576,02/05/2022
577,577,06/27/2022
578,578,07/23/2022
579,579,08/04/2022
580,580,01/06/2022
581,581,04/29/2022
582,582,05/19/2022
583,583,09/14/2022
584,584,02/10/2023
585,585,02/09/2023
586,586,12/03/2022
587,587,12/14/2022
588,588,04/13/2022
589,589,02/19/2022
590,590,08/10/2022
591,591,03/09/2023
592,592,04/13/2022
593,593,01/03/2023
594,594,03/30/2023
595,595,01/18/2023
596,596,09/14/2022
597,597,01/29/2022
598,598,01/05/2023
599,599,03/31/2022
600,600,08/02/2022
601,601,01/29/2022
602,602,09/19/2022
603,603,04/06/2022
604,604,03/25/2022
605,605,07/05/2022
606,606,07/31/2022
607,607,09/21/2022
608,608,11/13/2021
609,609,11/23/2021
610,610,11/27/2021
611,611,04/19/2022
612,612,03/09/2022
613,613,07/02/2022
614,614,07/10/2022
615,615,04/19/2022
616,616,08/15/2022
617,617,03/15/2023
618,618,08/19/2022
619,619,05/22/2022
620,620,12/06/2021
621,621,03/26/2023
622,622,12/09/2022
623,623,03/13/2023
624,624,04/24/2022
625,625,08/03/2022
626,626,12/28/2022
627,627,01/01/2022
628,628,07/09/2022
629,629,05/26/2022
630,630,10/21/2022
631,631,09/11/2022
632,632,07/19/2022
633,633,11/18/2022
634,634,10/22/2022
635,635,01/14/2023
636,636,02/12/2022
637,637,06/30/2022
638,638,03/07/2023
639,639,11/21/2022
640,640,02/10/2023
641,641,06/26/2022
642,642,07/11/2022
643,643,01/18/2023
644,644,12/14/2022
645,645,03/24/2023
646,646,07/11/2022
647,647,04/30/2022
648,648,02/15/2022
649,649,07/04/2022
650,650,08/27/2022
651,651,01/10/2022
652,652,12/08/2022
653,653,10/22/2022
654,654,12/17/2022
655,655,04/19/2022
656,656,09/01/2022
657,657,02/10/2023
658,658,03/09/2023
659,659,12/19/2021
660,660,12/02/2022
661,661,07/29/2022
662,662,01/19/2022
663,663,04/03/2023
664,664,10/01/2022
665,665,06/22/2022
666,666,10/20/2022
667,667,09/29/2022
668,668,08/03/2022
669,669,07/06/2022
670,670,02/22/2022
671,671,10/07/2022
672,672,01/18/2023
673,673,01/18/2023
674,674,03/31/2023
675,675,11/28/2021
676,676,09/22/2022
677,677,02/13/2023
678,678,12/14/2021
679,679,11/27/2021
680,680,07/04/2022
681,681,04/21/2022
682,682,01/10/2022
683,683,02/19/2022
684,684,02/06/2022
685,685,04/13/2022
686,686,01/07/2023
687,687,08/24/2022
688,688,11/27/2021
689,689,12/17/2022
690,690,02/10/2022
691,691,06/22/2022
692,692,02/06/2023
693,693,12/03/2022
694,694,11/11/2021
695,695,02/27/2023
696,696,02/28/2022
697,697,04/09/2022
698,698,03/30/2023
699,699,12/30/2021
700,700,07/28/2022
701,701,12/02/2022
702,702,01/09/2023
703,703,08/04/2022
704,704,06/19/2022
705,705,02/05/2023
706,706,09/11/2022
707,707,03/05/2022
708,708,01/09/2023
709,709,03/22/2023
710,710,12/15/2022
711,711,06/19/2022
712,712,03/19/2022
713,713,10/18/2022
714,714,03/14/2022
715,715,02/26/2023
716,716,09/12/2022
717,717,09/28/2022
718,718,07/29/2022
719,719,03/03/2022
720,720,08/28/2022
721,721,11/21/2022
722,722,05/11/2022
723,723,11/05/2022
724,724,04/09/2022
725,725,01/22/2022
726,726,02/28/2023
727,727,01/02/2023
728,728,11/16/2021
729,729,04/12/2022
730,730,01/22/2022
731,731,02/13/2022
732,732,02/19/2022
733,733,03/01/2023
734,734,01/12/2022
735,735,12/02/2021
736,736,03/20/2023
737,737,06/24/2022
738,738,04/12/2022
739,739,01/08/2022
740,740,06/25/2022
741,741,01/03/2023
742,742,05/13/2022
743,743,04/09/2022
744,744,03/13/2023
745,745,01/12/2023
746,746,03/26/2023
747,747,04/30/2022
748,748,01/01/2022
749,749,05/12/2022
750,750,03/08/2022
751,751,09/09/2022
752,752,08/24/2022
753,753,11/26/2022
754,754,06/09/2022
755,755,09/11/2022
756,756,03/11/2022
757,757,01/20/2023
758,758,06/29/2022
759,759,12/04/2022
760,760,01/02/2023
761,761,07/30/2022
762,762,03/01/2023
763,763,04/13/2022
764,764,07/05/2022
765,765,07/20/2022
766,766,05/09/2022
767,767,01/07/2023
768,768,11/27/2021
769,769,04/21/2022
770,770,12/22/2021
771,771,03/27/2022
772,772,10/31/2022
773,773,11/19/2022
774,774,02/06/2023
775,775,09/27/2022
776,776,04/22/2022
777,777,03/16/2022
778,778,02/19/2023
779,779,12/17/2021
780,780,02/08/2023
781,781,02/20/2022
782,782,12/12/2021
783,783,02/15/2023
784,784,02/01/2022
785,785,01/13/2022
786,786,08/12/2022
787,787,02/18/2022
788,788,05/24/2022
789,789,03/27/2022
790,790,11/29/2021
791,791,03/25/2023
792,792,12/06/2021
793,793,10/29/2022
794,794,01/08/2023
795,795,09/21/2022
796,796,08/08/2022
797,797,03/21/2022
798,798,08/29/2022
799,799,01/06/2023
800,800,03/30/2022
801,801,12/12/2022
802,802,03/12/2022
803,803,12/02/2021
804,804,08/30/2022
805,805,10/18/2022
806,806,02/04/2022
807,807,11/12/2022
808,808,12/24/2021
809,809,06/21/2022
810,810,11/03/2022
811,811,03/04/2022
812,812,04/24/2022
813,813,05/26/2022
814,814,01/24/2023
815,815,09/27/2022
816,816,10/06/2022
817,817,06/20/2022
818,818,02/18/2022
819,819,08/26/2022
820,820,11/04/2022
821,821,02/23/2022
822,822,03/02/2022
823,823,02/11/2023
824,824,08/11/2022
825,825,02/03/2022
826,826,05/17/2022
827,827,03/14/2022
828,828,07/02/2022
829,829,12/20/2022
830,830,12/09/2022
831,831,06/07/2022
832,832,12/24/2021
833,833,03/25/2022
834,834,07/17/2022
835,835,12/25/2022
836,836,06/15/2022
837,837,03/03/2023
838,838,01/23/2023
839,839,08/08/2022
840,840,01/26/2023
841,841,07/27/2022
842,842,01/23/2023
843,843,11/23/2021
844,844,01/02/2023
845,845,01/26/2023
846,846,08/07/2022
847,847,12/02/2021
848,848,12/12/2021
849,849,01/04/2023
850,850,04/23/2022
851,851,11/27/2022
852,852,03/25/2023
853,853,09/14/2022
854,854,09/29/2022
855,855,10/01/2022
856,856,11/14/2021
857,857,04/30/2022
858,858,02/05/2022
859,859,01/14/2022
860,860,12/30/2022
861,861,11/01/2022
862,862,11/29/2022
863,863,03/19/2023
864,864,01/18/2023
865,865,05/02/2022
866,866,07/29/2022
867,867,02/24/2023
868,868,03/28/2023
869,869,12/21/2022
870,870,01/14/2023
871,871,05/06/2022
872,872,12/25/2021
873,873,01/16/2023
874,874,09/09/2022
875,875,11/09/2022
876,876,03/10/2022
877,877,11/15/2021
878,878,02/06/2023
879,879,09/26/2022
880,880,03/17/2023
881,881,01/09/2023
882,882,11/24/2021
883,883,02/23/2022
884,884,07/11/2022
885,885,04/18/2022
886,886,03/21/2022
887,887,11/13/2022
888,888,03/20/2022
889,889,07/19/2022
890,890,11/01/2022
891,891,03/09/2022
892,892,05/08/2022
893,893,08/23/2022
894,894,07/17/2022
895,895,03/14/2023
896,896,12/27/2022
897,897,02/23/2023
898,898,02/13/2023
899,899,07/23/2022
900,900,10/10/2022
901,901,12/26/2022
902,902,06/06/2022
903,903,08/22/2022
904,904,01/08/2023
905,905,02/24/2023
906,906,01/30/2023
907,907,03/16/2023
908,908,05/03/2022
909,909,10/07/2022
910,910,02/19/2022
911,911,05/16/2022
912,912,09/26/2022
913,913,09/20/2022
914,914,03/06/2022
915,915,09/10/2022
916,916,01/01/2022
917,917,03/21/2022
918,918,08/26/2022
919,919,01/27/2023
920,920,01/12/2023
921,921,02/25/2023
922,922,02/15/2022
923,923,03/26/2022
924,924,05/12/2022
925,925,03/21/2023
926,926,12/27/2022
927,927,04/11/2022
928,928,07/10/2022
929,929,03/02/2023
930,930,01/09/2022
931,931,08/09/2022
932,932,03/10/2023
933,933,03/21/2022
934,934,03/10/2022
935,935,01/02/2022
936,936,11/28/2022
937,937,03/31/2022
938,938,04/17/2022
939,939,06/15/2022
940,940,04/09/2022
941,941,12/28/2021
942,942,07/02/2022
943,943,06/01/2022
944,944,08/14/2022
945,945,02/20/2022
946,946,01/07/2023
947,947,05/19/2022
948,948,12/13/2021
949,949,06/21/2022
950,950,02/28/2022
951,951,09/12/2022
952,952,04/29/2022
953,953,07/09/2022
954,954,03/07/2023
955,955,04/08/2022
956,956,10/27/2022
957,957,01/22/2022
958,958,09/20/2022
959,959,02/17/2023
960,960,06/12/2022
961,961,04/18/2022
962,962,12/14/2022
963,963,04/24/2022
964,964,06/27/2022
965,965,02/17/2023
966,966,11/20/2021
967,967,11/23/2022
968,968,12/20/2021
969,969,06/14/2022
970,970,07/11/2022
971,971,09/29/2022
972,972,07/31/2022
973,973,11/20/2021
974,974,12/09/2022
975,975,11/22/2021
976,976,03/26/2022
977,977,12/22/2021
978,978,11/18/2021
979,979,01/16/2023
980,980,03/31/2023
981,981,12/05/2022
982,982,11/26/2021
983,983,01/20/2022
984,984,12/01/2022
985,985,12/02/2022
986,986,01/07/2023
987,987,11/23/2022
988,988,01/16/2023
989,989,04/02/2023
990,990,08/21/2022
991,991,02/16/2022
992,992,03/02/2022
993,993,11/19/2022
994,994,02/06/2022
995,995,06/14/2022
996,996,06/19/2022
997,997,03/27/2023
998,998,10/11/2022
999,999,10/19/2022
1000,1000,04/11/2022
